Customer_ID,Customer_Name
C001,Aaryahi Cheema
C002,Mishti Sastry
C003,Ranbir Ben
C004,Oorja Halder
C005,Riaan Kuruvilla
C006,Madhav Sidhu
C007,Urvi Venkataraman
C008,Siya Chander
C009,Kaira Devan
C010,Vihaan Kurian
C011,Shalv Borde
C012,Vritika Sahota
C013,Vritika Khurana
C014,Zara Bumb
C015,Hunar Bahl
C016,Jivika Ratta
C017,Aniruddh Cheema
C018,Kavya Khanna
C019,Tejas Banik
C020,Mahika Chauhan
C021,Chirag Edwin
C022,Aaina Handa
C023,Nakul Saran
C024,Aaryahi Kala
C025,Vaibhav Garde
C026,Sara Dyal
C027,Veer Sarraf
C028,Purab Upadhyay
C029,Kiaan Dasgupta
C030,Adah Lalla
C031,Zain Sekhon
C032,Kabir Chatterjee
C033,Adah Mani
C034,Biju Chada
C035,Sumer Kala
C036,Raghav Kothari
C037,Samiha Kothari
C038,Madhup Deol
C039,Shamik Aggarwal
C040,Ahana  Varma
C041,Mannat Mandal
C042,Hazel Buch
C043,Bhamini Shere
C044,Riya Sheth
C045,Divyansh Dora
C046,Jhanvi Kurian
C047,Aradhya Srivastava
C048,Madhav Sengupta
C049,Vidur D’Alia
C050,Ritvik Bains
C051,Gatik Setty
C052,Nishith Soni
C053,Yashvi Edwin
C054,Miraya Lall
C055,Gatik Sarkar
C056,Baiju Jayaraman
C057,Vedika Madan
C058,Vidur Tak
C059,Urvi Zacharia
C060,Advik Rout
C061,Vivaan Kalita
C062,Yakshit Dewan
C063,Krish Dhawan
C064,Aarav Desai
C065,Gatik Kari
C066,Riya Singh
C067,Khushi Sura
C068,Dishani Sahota
C069,Hunar Chaudhry
C070,Tanya Mani
C071,Hansh Sandal
C072,Eshani Dutt
C073,Ivana Seth
C074,Mamooty Sundaram
C075,Tushar Khanna
C076,Keya Kaul
C077,Stuvan Magar
C078,Taran Lata
C079,Kavya Thakkar
C080,Renee Bhardwaj
C081,Kismat Bhat
C082,Badal Walla
C083,Tara Anand
C084,Prisha Bahri
C085,Jayesh Bava
C086,Ela Ranganathan
C087,Nishith Dar
C088,Damini Majumdar
C089,Madhav Chand
C090,Umang Boase
C091,Bhamini Chandran
C092,Nirvi Gera
C093,Adah Dada
C094,Adira Basu
C095,Krish Barman
C096,Fateh Din
C097,Veer Bhandari
C098,Jivika Lala
C099,Ritvik Chatterjee
C100,Parinaaz Kannan
C101,Samaira Kar
C102,Emir Biswas
C103,Vritika Vyas
C104,Aradhya Konda
C105,Suhana Barad
C106,Inaaya  Mammen
C107,Anaya Dua
C108,Hridaan Som
C109,Romil Kurian
C110,Ojas Dubey
C111,Taran Shroff
C112,Raunak Batta
C113,Seher Mann
C114,Indranil Basu
C115,Ahana  Chokshi
C116,Kanav Bail
C117,Stuvan Deep
C118,Lakshay Arora
C119,Krish Garde
C120,Onkar Kamdar
C121,Aayush Desai
C122,Kiara Deol
C123,Yuvaan Bhavsar
C124,Zeeshan Singhal
C125,Vedika Sami
C126,Anahi Barad
C127,Damini Atwal
C128,Piya Varughese
C129,Prerak Wadhwa
C130,Farhan Ravi
C131,Misha Rout
C132,Aarna Sangha
C133,Anaya Datta
C134,Neysa Bhakta
C135,Misha Sule
C136,Myra Sama
C137,Adira Kaul
C138,Amani Lata
C139,Abram Mangal
C140,Aaryahi Sama
C141,Rhea Contractor
C142,Anaya Sane
C143,Pranay Sarraf
C144,Ojas Jayaraman
C145,Manikya Jaggi
C146,Divyansh Bala
C147,Shanaya Sachdeva
C148,Kashvi Kothari
C149,Dishani Edwin
C150,Vaibhav Rajagopal
C151,Miraan Keer
C152,Riya Korpal
C153,Taran Tandon
C154,Chirag Bala
C155,Oorja Suresh
C156,Yashvi Shenoy
C157,Reyansh Magar
C158,Vritika Boase
C159,Biju Garg
C160,Darshit Ravi
C161,Vihaan Swamy
C162,Dishani Kapoor
C163,Rasha Sarna
C164,Rohan Kata
C165,Nishith Sehgal
C166,Kartik Kaul
C167,Aradhya Badami
C168,Jayesh Chaudhari
C169,Anvi Khanna
C170,Akarsh Chaudhary
C171,Anay Koshy
C172,Neysa Sur
C173,Vardaniya Bal
C174,Nitara Mandal
C175,Vidur Banerjee
C176,Advik Rege
C177,Nishith Lalla
C178,Lakshit Kant
C179,Khushi Rau
C180,Dishani Srinivas
C181,Yasmin Mammen
C182,Dhruv Sem
C183,Shamik Lad
C184,Hazel Chacko
C185,Aarna Karnik
C186,Reyansh Sharma
C187,Nishith Yohannan
C188,Tiya Bali
C189,Aarush Bala
C190,Urvi Sundaram
C191,Mehul Sankar
C192,Aarush Bahl
C193,Amani Savant
C194,Seher Madan
C195,Kavya Saxena
C196,Badal Mane
C197,Vihaan Varma
C198,Akarsh Mane
C199,Shray Bumb
C200,Divyansh Dhawan
C201,Nayantara Bir
C202,Advika Som
C203,Ahana  Bhattacharyya
C204,Jayant Bhat
C205,Sana Anand
C206,Prerak Ghose
C207,Emir Hegde
C208,Veer Sampath
C209,Riaan Butala
C210,Rhea Contractor
C211,Badal Chana
C212,Faiyaz Bahl
C213,Shanaya Tara
C214,Tara Gole
C215,Kismat Banik
C216,Ira Butala
C217,Vaibhav Batta
C218,Saira Deo
C219,Manjari Tara
C220,Jiya Deshpande
C221,Stuvan Bhatti
C222,Ishaan Kunda
C223,Bhamini Deshpande
C224,Yashvi Shenoy
C225,Nayantara Sandal
C226,Aarav Dutta
C227,Pihu Jani
C228,Aniruddh Shetty
C229,Vardaniya Bhandari
C230,Manjari Lala
C231,Sana Thaman
C232,Dhanush Kalla
C233,Ryan Choudhry
C234,Damini Chand
C235,Jiya Trivedi
C236,Diya Lal
C237,Riya Gera
C238,Jiya Mandal
C239,Kiara Sandhu
C240,Chirag Babu
C241,Mohanlal Bhagat
C242,Zara Reddy
C243,Sana Chad
C244,Amira Mani
C245,Shray Samra
C246,Arhaan Suri
C247,Jivika Chandran
C248,Shamik Chaudhari
C249,Raunak Rattan
C250,Hansh Madan
C251,Saksham Behl
C252,Ishaan Tandon
C253,Samaira Srinivasan
C254,Anika Dave
C255,Zaina Chokshi
C256,Vedika Chakraborty
C257,Saira Buch
C258,Rania Bail
C259,Lakshit Wali
C260,Ayesha Subramanian
C261,Kabir Dutta
C262,Hrishita Divan
C263,Piya Deo
C264,Jayesh Sidhu
C265,Pranay Dash
C266,Riya Grover
C267,Myra Kashyap
C268,Pari Gill
C269,Yashvi Bhattacharyya
C270,Devansh Sahni
C271,Ivana Bora
C272,Jayesh Srinivas
C273,Riaan Ravi
C274,Nehmat Krishnamurthy
C275,Divij Lanka
C276,Lakshay Malhotra
C277,Hrishita Sane
C278,Ivan Malhotra
C279,Anay Chad
C280,Elakshi Kar
C281,Shalv Singh
C282,Nishith Bassi
C283,Chirag Wali
C284,Kaira Sharaf
C285,Indranil Sule
C286,Reyansh Sahni
C287,Samiha Walla
C288,Shray Bose
C289,Mishti Jayaraman
C290,Oorja Boase
C291,Yuvaan Jain
C292,Kartik Dhingra
C293,Shamik Gara
C294,Trisha Karpe
C295,Vidur Chadha
C296,Keya Verma
C297,Siya Seth
C298,Parinaaz Shan
C299,Keya Ramesh
C300,Ryan Andra
C301,Rati Babu
C302,Anahita Kulkarni
C303,Sana Gandhi
C304,Samar Uppal
C305,Pihu Trivedi
C306,Kaira Venkatesh
C307,Kartik Sarna
C308,Tanya Chaudhry
C309,Tejas Khanna
C310,Siya Dhar
C311,Taran Tella
C312,Nirvaan Aggarwal
C313,Badal Choudhury
C314,Jhanvi Khosla
C315,Darshit Mammen
C316,Romil Vaidya
C317,Armaan Agrawal
C318,Diya Sankar
C319,Ayesha Char
C320,Lakshit Garde
C321,Amani Dara
C322,Alisha Khurana
C323,Advika Khalsa
C324,Dhanush Krishnan
C325,Divit Rattan
C326,Darshit Sandal
C327,Neelofar Bhattacharyya
C328,Aniruddh Ramachandran
C329,Lagan Arya
C330,Vihaan Jani
C331,Ela Varghese
C332,Adira Khosla
C333,Tiya Babu
C334,Indranil Lanka
C335,Hrishita Gara
C336,Anahi Divan
C337,Badal Soman
C338,Samaira Saha
C339,Aarna Deshpande
C340,Misha Sibal
C341,Vidur Sood
C342,Emir Gaba
C343,Amira Kunda
C344,Miraan Samra
C345,Nehmat Bobal
C346,Ehsaan Bedi
C347,Jayant Khalsa
C348,Madhav Keer
C349,Vihaan Kota
C350,Seher Arya
C351,Adira Brar
C352,Charvi Dhar
C353,Gatik Varghese
C354,Drishya Kaur
C355,Kimaya Bajwa
C356,Ritvik Ghosh
C357,Hiran Shah
C358,Jayant Devan
C359,Indranil Vala
C360,Aarav Chadha
C361,Hazel Devan
C362,Onkar Ganesan
C363,Amira Dani
C364,Himmat Cheema
C365,Taimur Banik
C366,Saksham Seth
C367,Khushi Atwal
C368,Samaira Shroff
C369,Dhanuk Subramanian
C370,Samaira Basak
C371,Veer Das
C372,Jivika Som
C373,Baiju Ghose
C374,Hazel Dey
C375,Damini Dass
C376,Divij Bandi
C377,Kartik Solanki
C378,Yashvi Solanki
C379,Seher Master
C380,Kiaan Sachdeva
C381,Saanvi Chana
C382,Akarsh Bobal
C383,Advik Venkatesh
C384,Armaan Balasubramanian
C385,Diya Guha
C386,Nakul Bhatnagar
C387,Dishani Basu
C388,Damini Walla
C389,Zain Das
C390,Renee Sachdeva
C391,Madhup Sarna
C392,Gokul Savant
C393,Mohanlal Shroff
C394,Yakshit Chana
C395,Indrajit Sant
C396,Shaan Soman
C397,Saanvi Bora
C398,Faiyaz Walla
C399,Zara Yohannan
C400,Kismat Sani
C401,Pranay Manne
C402,Vaibhav Sehgal
C403,Ryan Sura
C404,Seher Sundaram
C405,Ayesha Chaudhuri
C406,Saira Mall
C407,Seher Kuruvilla
C408,Suhana Khurana
C409,Tara Mander
C410,Prerak Lall
C411,Shalv Tandon
C412,Arhaan Tailor
C413,Misha Sharaf
C414,Dishani Ahuja
C415,Vidur Barad
C416,Saksham Sidhu
C417,Renee Boase
C418,Rania Khare
C419,Kashvi Tata
C420,Dishani Madan
C421,Ivana Lall
C422,Amani Khare
C423,Kanav Hayer
C424,Veer Arya
C425,Tara De
C426,Navya Dhar
C427,Kartik Varughese
C428,Vihaan Bhat
C429,Nehmat Cheema
C430,Umang Walla
C431,Anika Mand
C432,Manjari Johal
C433,Misha Chaudhry
C434,Lakshay Master
C435,Riaan Reddy
C436,Jiya Uppal
C437,Saksham Lad
C438,Rasha Kakar
C439,Jayan Shankar
C440,Indrajit Tara
C441,Miraan Upadhyay
C442,Pihu Solanki
C443,Rohan Mannan
C444,Prerak Kohli
C445,Raghav Subramanian
C446,Ranbir Jhaveri
C447,Armaan Kari
C448,Diya Mallick
C449,Stuvan Kannan
C450,Tejas Barad
C451,Ela Wali
C452,Lavanya Wason
C453,Inaaya  Samra
C454,Mehul Anand
C455,Divit Mangat
C456,Samar Dasgupta
C457,Shamik Babu
C458,Aarna Ghosh
C459,Devansh Dayal
C460,Lavanya Edwin
C461,Miraya Walla
C462,Ishita Lall
C463,Siya Kota
C464,Misha Garde
C465,Gatik Chand
C466,Shray Grover
C467,Taimur Dugar
C468,Indrajit Ravi
C469,Tejas Brahmbhatt
C470,Parinaaz Keer
C471,Yakshit Brar
C472,Suhana Sastry
C473,Tiya Bassi
C474,Bhamini Comar
C475,Aaina Chad
C476,Rohan Datta
C477,Riya Bajwa
C478,Arnav Dyal
C479,Madhup Bawa
C480,Aarush Walia
C481,Kiaan Jayaraman
C482,Purab Sundaram
C483,Manikya Balan
C484,Vritika Dhillon
C485,Chirag Sarna
C486,Riya Jha
C487,Yuvraj  Ravel
C488,Anay Viswanathan
C489,Keya Raju
C490,Eshani Sani
C491,Keya Setty
C492,Jivin Dani
C493,Hansh Suri
C494,Elakshi Bhatnagar
C495,Yasmin Thaker
C496,Amani Mani
C497,Kavya Sekhon
C498,Ehsaan Mahajan
C499,Divij Mangat
C500,Mishti Deep
